Company,Spec,Location,Content,Link
kt ds University,신입,서울 서초구,자바&파이썬 웹애플리케이션 전문가 양성과정 모집,https://www.jobkorea.co.kr/Recruit/GI_Read/34958442?Oem_Code=C1&logpath=1
휴먼교육센터학원,신입·경력,경기 부천시 외,[전액무료] IT취업 자바/파이썬/인공지능/빅데이터 교육생 모집,https://www.jobkorea.co.kr/Recruit/GI_Read/35218738?Oem_Code=C1&logpath=1
㈜비타소프트,신입·경력,서울 구로구 외,"인공지능 (딥러닝) 개발자, Python 능력자(신입과 경력 : 병역특례(보충역) 가능).",https://www.jobkorea.co.kr/Recruit/GI_Read/35261169?Oem_Code=C1&logpath=1
㈜인라이플,경력,경기 전지역 외,[업계1위/주4.5일근무] Python 개발 직무 경력직 인재채용,https://www.jobkorea.co.kr/Recruit/GI_Read/35258087?Oem_Code=C1&logpath=1
㈜이지서티,신입·경력,서울 강남구 외,"[신입/경력] R,PYTHON개발자 채용",https://www.jobkorea.co.kr/Recruit/GI_Read/35238882?Oem_Code=C1&logpath=1
링크제니시스,신입,인천 서구 외,"자동차 SW Test 자동화 개발자 (C, C++, Python)",https://www.jobkorea.co.kr/Recruit/GI_Read/35224571?Oem_Code=C1&logpath=1
㈜KB데이타시스템,경력3년↑,서울 마포구 외,백엔드 파이썬 개발자 경력사원 모집,https://www.jobkorea.co.kr/Recruit/GI_Read/35224093?Oem_Code=C1&logpath=1
쌍용정보통신,경력1년↑,서울 중구,"Java, Python, ASP, PHP 초급개발자 채용",https://www.jobkorea.co.kr/Recruit/GI_Read/35157147?Oem_Code=C1&logpath=1
한국직업전문학교,신입·경력,경기 전지역 외,[국비무료] 파이썬/자바/ 빅데이터/ 웹/ IOT/기초-실무(취업기술) / 훈련수당 / 취업지원 (6개월),https://www.jobkorea.co.kr/Recruit/GI_Read/35050022?Oem_Code=C1&logpath=1
㈜핸디소프트,경력3년↑,경기 안양시,[개발자채용]정부과제 개발(빅데이터플랫폼/Python) 경력 모집,https://www.jobkorea.co.kr/Recruit/GI_Read/34702587?Oem_Code=C1&logpath=1
㈜마이뮤직테이스트,신입·경력1년↑,서울 강남구,신입/경력 Backend Engineer   Python 개발자 채용,https://www.jobkorea.co.kr/Recruit/GI_Read/35156432?Oem_Code=C1&logpath=1
포인트정보기술,경력6년↑,경기 성남시,[분당] 두산인프라코어 빅데이타 플랫폼 운영 (Python),https://www.jobkorea.co.kr/Recruit/GI_Read/35316287?Oem_Code=C1&logpath=1
유니윌부산지사,신입,부산 부산진구 외,(네트워크/파이썬)네트워크 보안 취약점 분석 전문가 양성,https://www.jobkorea.co.kr/Recruit/GI_Read/35315151?Oem_Code=C1&logpath=1
유니윌부산지사,경력무관,부산 부산진구 외,"자바빅데이터 실무 개발자, 네트워크파이썬 전문가",https://www.jobkorea.co.kr/Recruit/GI_Read/35315145?Oem_Code=C1&logpath=1
㈜ 칸테크,신입,서울 금천구,"[SD개발팀] 솔루션 개발자 신입사원 모집(ORACLE, SQL, JSP, PYTHON)",https://www.jobkorea.co.kr/Recruit/GI_Read/35311085?Oem_Code=C1&logpath=1
㈜무지개반사,신입·경력2년↑,서울 강남구,[Python] 활용 딥러닝 개발자 모집,https://www.jobkorea.co.kr/Recruit/GI_Read/35301609?Oem_Code=C1&logpath=1
주식회사 올룰로,경력5년↑,서울 강남구 외,[올룰로 / 킥고잉] 데이터개발팀 리더 채용(개발자 / 데이터 / SQL / Python / PHP / Javascript),https://www.jobkorea.co.kr/Recruit/GI_Read/35298081?Oem_Code=C1&logpath=1
누리꿈소프트㈜,신입·경력1년↑,서울 강남구,"[신입/경력/PL] 누리꿈소프트 정규직 개발자 채용(Java, Python)",https://www.jobkorea.co.kr/Recruit/GI_Read/35294514?Oem_Code=C1&logpath=1
㈜제이투이,경력7년↑,서울 영등포구,"[Python C 대림역 백엔드 개발] 모니터링 시스템 Back-end(서버,배치) 추가 개발, 파이썬 C언어, 7년이상, 즉시-장기....(2)",https://www.jobkorea.co.kr/Recruit/GI_Read/35294077?Oem_Code=C1&logpath=1
㈜제이투이,경력9년↑,서울 영등포구,"[Python 문래역 SI] 내부시스템 연계 API 개발, 고급 이상, 3개월......(1)",https://www.jobkorea.co.kr/Recruit/GI_Read/35293108?Oem_Code=C1&logpath=1
로제타텍,경력무관,서울 서초구,"AI(머신러닝, 딥러닝)기반 R/Python 개발자 모집",https://www.jobkorea.co.kr/Recruit/GI_Read/35265543?Oem_Code=C1&logpath=1
아이디얼(IDEAL),경력무관,인천 부평구,"Python Django 개발자, 스타트업 MVP 전문 개발사 / 다양한 서비스 개발",https://www.jobkorea.co.kr/Recruit/GI_Read/35264235?Oem_Code=C1&logpath=1
시프트원㈜,신입·경력4년↑,서울 강남구 외,"Backend (Python), Frontend (React) 개발자 및 PM(혹은 PL) 모십니다.",https://www.jobkorea.co.kr/Recruit/GI_Read/35259922?Oem_Code=C1&logpath=1
㈜아이핌,경력무관,서울 강남구,웹개발(Java/Spring Framework/Angular/React/Python etc.) 및 데이터 엔지니어링(Python Application) 및 AI 엔지니어링(Data Analytic Algorithm) 개발자,https://www.jobkorea.co.kr/Recruit/GI_Read/35258491?Oem_Code=C1&logpath=1
유한책임회사 태백넷,경력무관,경기 안양시,[태백넷] C / C++ / Python / Android / iOS 프로그래머 구인,https://www.jobkorea.co.kr/Recruit/GI_Read/35256045?Oem_Code=C1&logpath=1
㈜네오그라프,신입·경력1년↑,서울 금천구 외,Python/JAVA/JSP 개발자 모집,https://www.jobkorea.co.kr/Recruit/GI_Read/35252573?Oem_Code=C1&logpath=1
㈜앰진시큐러스,경력1년↑,서울 송파구,프론트엔드/백엔드 개발자 모집(Python/Java/C/C++),https://www.jobkorea.co.kr/Recruit/GI_Read/35252004?Oem_Code=C1&logpath=1
아이와이씨앤씨㈜,경력,서울 금천구 외,"ThinQ 시스템 개발 및 운영 인력 구인 (JAVA, PYTHON)",https://www.jobkorea.co.kr/Recruit/GI_Read/35239815?Oem_Code=C1&logpath=1
애니로직,신입·경력,서울 금천구,"JAVA,python 개발자 신입/경력채용",https://www.jobkorea.co.kr/Recruit/GI_Read/35239486?Oem_Code=C1&logpath=1
㈜컨셉터스,경력3년↑,서울 강남구,빅데이터 AI플랫폼 SW/데이터엔지니어(JAVA/Python/C++) 경력직 채용,https://www.jobkorea.co.kr/Recruit/GI_Read/35227829?Oem_Code=C1&logpath=1
코리아뉴스와이어,경력5년↑,서울 중구,"능력있는 풀스택 ( Python, Javascript, PostgreSQL ) 웹개발자 모집",https://www.jobkorea.co.kr/Recruit/GI_Read/35224964?Oem_Code=C1&logpath=1
㈜에이아이스페라,경력1년↑,서울 성동구,[경력] 개발팀 파이썬 개발자 채용 공고,https://www.jobkorea.co.kr/Recruit/GI_Read/35221175?Oem_Code=C1&logpath=1
그린컴퓨터아트학원,신입·경력,경기 수원시 외,[수원그린컴퓨터아카데미] 파이썬 빅데이터 강사(신입가능)님을 모십니다.,https://www.jobkorea.co.kr/Recruit/GI_Read/35210906?Oem_Code=C1&logpath=1
메가스터디아이티아카데미신촌학원,경력3년↑,서울 마포구,"[메가스터디IT아카데미] C언어,Python, JAVA 프로그래밍 강사채용",https://www.jobkorea.co.kr/Recruit/GI_Read/35203442?Oem_Code=C1&logpath=1
에이아이스튜디오,신입·경력,서울 강남구,(주)에이아이스튜디오 신입 및 경력 Python / java 서비스 개발자 모집,https://www.jobkorea.co.kr/Recruit/GI_Read/35197785?Oem_Code=C1&logpath=1
링크소프트웨어,경력4년↑,경기 용인시 외,Python SI 기흥 삼성 프로젝트 입니다.,https://www.jobkorea.co.kr/Recruit/GI_Read/35191121?Oem_Code=C1&logpath=1
통로이미지,경력3년↑,서울 중구,[통로이미지 IT연구소] PHP웹개발자/Python 웹 개발자 경력채용,https://www.jobkorea.co.kr/Recruit/GI_Read/35187943?Oem_Code=C1&logpath=1
㈜서울소프트,경력2년↑,서울 금천구 외,(주)서울소프트 Python 웹 개발자 모집,https://www.jobkorea.co.kr/Recruit/GI_Read/35182437?Oem_Code=C1&logpath=1
이수정보㈜,경력10년↑,서울 중랑구 외,[여의도] OO은행 자본시장 통합시스템 구축(Python/고급),https://www.jobkorea.co.kr/Recruit/GI_Read/35175199?Oem_Code=C1&logpath=1
㈜웹프라자,신입,서울 금천구,"php, python 웹 개발자 모집",https://www.jobkorea.co.kr/Recruit/GI_Read/35170387?Oem_Code=C1&logpath=1
㈜다모아솔루션,경력5년↑,서울 강서구,[Python/Hadoop 모집] LG유플러스 NW 빅데이터 시스템 운영,https://www.jobkorea.co.kr/Recruit/GI_Read/35167520?Oem_Code=C1&logpath=1
콘센트릭스서비스코리아 유한회사,경력3년↑,서울 강남구 외,[디지털마케팅/이커머스] 각 분야 개발자 채용(Java/Python/Back-end/Front-end/TA/AWS/Spring/JSP),https://www.jobkorea.co.kr/Recruit/GI_Read/35148382?Oem_Code=C1&logpath=1
"주식회사 넥스인테크놀로지(NexIn Technology Co.,Ltd",경력3년↑,서울 중구,java 및 python 개발자,https://www.jobkorea.co.kr/Recruit/GI_Read/35128575?Oem_Code=C1&logpath=1
(주)코인원,경력3년↑,서울 용산구 외,[코인원] Python 백엔드 개발자 모집,https://www.jobkorea.co.kr/Recruit/GI_Read/35125232?Oem_Code=C1&logpath=1
조이테크,경력2년↑,부산 동래구 외,"[프리랜서/계약직] c#, 파이썬 프로그래머(빅데이터관련) 구함.",https://www.jobkorea.co.kr/Recruit/GI_Read/35116464?Oem_Code=C1&logpath=1
디비디스커버코리아,경력무관,서울 영등포구,Python개발자,https://www.jobkorea.co.kr/Recruit/GI_Read/35097243?Oem_Code=C1&logpath=1
㈜웹프라자,경력3년↑,서울 금천구,"php, python 웹프로그래머 모집",https://www.jobkorea.co.kr/Recruit/GI_Read/35096646?Oem_Code=C1&logpath=1
켐아이넷㈜,경력무관,서울 양천구,"인공지능, 통계 분야 연구원 모집(R 또는 python 개발자)",https://www.jobkorea.co.kr/Recruit/GI_Read/35094779?Oem_Code=C1&logpath=1
㈜에스에프테크놀로지,경력3년↑,서울 금천구,"웹 (자바, 파이썬) 개발자 구인 (병역특례 가능)",https://www.jobkorea.co.kr/Recruit/GI_Read/35092756?Oem_Code=C1&logpath=1
㈜맥스피아,경력6년↑,서울 구로구 외,[기흥] 삼성SDI) Python 개발 - 중급이상,https://www.jobkorea.co.kr/Recruit/GI_Read/35089958?Oem_Code=C1&logpath=1
코리아센터,경력무관,서울 금천구 외,Python 웹 개발자 채용,https://www.jobkorea.co.kr/Recruit/GI_Read/35085052?Oem_Code=C1&logpath=1
이젠아카데미컴퓨터학원,경력3년↑,경기 성남시,[이젠아카데미컴퓨터학원 분당] 파이썬 재직자과정(주말/저녁) 강사를 초빙합니다.,https://www.jobkorea.co.kr/Recruit/GI_Read/35084097?Oem_Code=C1&logpath=1
메가스터디아이티아카데미신촌학원,경력3년↑,서울 마포구 외,"[메가스터디IT아카데미] 프로그래밍, C언어, JAVA, Python 강사채용",https://www.jobkorea.co.kr/Recruit/GI_Read/35069748?Oem_Code=C1&logpath=1
㈜로딕스,신입·경력1년↑,서울 성동구 외,"[정규직]C#/Python 신입, 경력 개발자분 모십니다.",https://www.jobkorea.co.kr/Recruit/GI_Read/35068252?Oem_Code=C1&logpath=1
㈜유니온콘텐츠,경력무관,서울 금천구 외,"[정규직]웹개발(JAVA/node.js,python등) 개발담당 모집",https://www.jobkorea.co.kr/Recruit/GI_Read/35065580?Oem_Code=C1&logpath=1
누리꿈소프트㈜,경력,서울 강남구 외,"[여의도] Python전처리 경험자를 구인합니다(정규,계약직)",https://www.jobkorea.co.kr/Recruit/GI_Read/35059675?Oem_Code=C1&logpath=1
이쎌㈜,경력3년↑,경기 파주시 외,"C++, Python 익숙한 개발자",https://www.jobkorea.co.kr/Recruit/GI_Read/35058740?Oem_Code=C1&logpath=1
㈜보인정보기술,신입·경력2년↑,서울 서초구,"파이썬 개발자 채용(django, flask, chatbot)",https://www.jobkorea.co.kr/Recruit/GI_Read/35057456?Oem_Code=C1&logpath=1
㈜탈피오트컨설팅,신입,서울 성동구 외,Python 파이썬 신입 엔지니어 채용,https://www.jobkorea.co.kr/Recruit/GI_Read/35055430?Oem_Code=C1&logpath=1
㈜에이아이웨어,경력1년↑,경기 성남시 외,인공지능 딥러닝 프로그램 개발 (C#/Python/C/C++) 모집,https://www.jobkorea.co.kr/Recruit/GI_Read/35054869?Oem_Code=C1&logpath=1
㈜컬리지니에이아이,경력3년↑,경기 하남시,3년 이상 5년 경력의  Python Django 개발자,https://www.jobkorea.co.kr/Recruit/GI_Read/35024048?Oem_Code=C1&logpath=1
㈜티엔블루,경력6년↑,서울 서초구,"[서초구 양재대로] Python,AWS 시스템 운영",https://www.jobkorea.co.kr/Recruit/GI_Read/35022104?Oem_Code=C1&logpath=1
㈜솔리메틱스,경력1년↑,강원 춘천시,Python 프로그래머 모집,https://www.jobkorea.co.kr/Recruit/GI_Read/34967029?Oem_Code=C1&logpath=1
㈜바이브컴퍼니,경력무관,서울 용산구,"FT LAB에서 파이썬, 웹 어플리케이션 개발자 채용합니다.",https://www.jobkorea.co.kr/Recruit/GI_Read/34959138?Oem_Code=C1&logpath=1
㈜솔바테크놀러지,경력,경북 포항시,Python 개발자 모집,https://www.jobkorea.co.kr/Recruit/GI_Read/34940431?Oem_Code=C1&logpath=1
데이터에듀,경력무관,부산 해운대구 외,"AI, ML 파이썬/자바 개발자 공고(청년채움공제 가능)",https://www.jobkorea.co.kr/Recruit/GI_Read/34939742?Oem_Code=C1&logpath=1
㈜에이든랩,경력2년↑,서울 강서구 외,"웹개발 경력자 채용 (Python Django / 파이썬 장고, 국내 최대 엔터기업 플랫폼 개발 업무)",https://www.jobkorea.co.kr/Recruit/GI_Read/34927390?Oem_Code=C1&logpath=1
신플렛㈜,신입,경기 용인시 외,이미지 딥러닝(Python) 개발자 모집(신입),https://www.jobkorea.co.kr/Recruit/GI_Read/34910361?Oem_Code=C1&logpath=1
㈜파인씨앤아이,신입·경력,서울 송파구,"기술연구소 정규직 연구인력(Java, Python, 기타)및 개발자를 모집합니다.(신입,경력,병특)",https://www.jobkorea.co.kr/Recruit/GI_Read/34906702?Oem_Code=C1&logpath=1
㈜아이디노,경력1년↑,부산 해운대구,"경력직 웹응용 프로그램개발자 모집( 자바,닷넷,파이썬 )",https://www.jobkorea.co.kr/Recruit/GI_Read/34897462?Oem_Code=C1&logpath=1
㈜메디치소프트,신입·경력2년↑,서울 마포구,"인공지능 개발팀 AI 데이터 가공팀 파이썬 개발 신입, 경력 채용 공고",https://www.jobkorea.co.kr/Recruit/GI_Read/34883506?Oem_Code=C1&logpath=1
㈜팜캐드,경력5년↑,서울 강남구 외,[정규직] 팜캐드 백엔드(Backend) or 파이썬(Python) 개발자 채용 공고,https://www.jobkorea.co.kr/Recruit/GI_Read/34879837?Oem_Code=C1&logpath=1
㈜새롬정보시스템,경력4년↑,서울 금천구,[경력] AI Service ( Python & Web Developer ) 채용 공고,https://www.jobkorea.co.kr/Recruit/GI_Read/34853961?Oem_Code=C1&logpath=1
㈔스마트융합기술인재개발원,경력10년↑,대구 수성구 외,"자바 웹프로그래밍, 파이썬, R,  빅 데이터, AI, 안드로이드 강사 모집",https://www.jobkorea.co.kr/Recruit/GI_Read/34814400?Oem_Code=C1&logpath=1
(주)동서가구,경력무관,경기 성남시,동서가구 데이터분석팀 python 및 크롤링 가능자,https://www.jobkorea.co.kr/Recruit/GI_Read/34813866?Oem_Code=C1&logpath=1
씨니즈,경력3년↑,서울 강서구,"백엔드 개발자 모집 (php, node.js, python)",https://www.jobkorea.co.kr/Recruit/GI_Read/34812322?Oem_Code=C1&logpath=1
마인드에이아이,신입·경력,서울 중구,Python 백엔드Backend 개발자,https://www.jobkorea.co.kr/Recruit/GI_Read/34783688?Oem_Code=C1&logpath=1
㈜유더블유에스,경력2년↑,서울 강남구,백엔드 Python 엔지니어 채용 공고 (경력),https://www.jobkorea.co.kr/Recruit/GI_Read/34771012?Oem_Code=C1&logpath=1
㈜폼즈,경력무관,서울 중구 외,python을 활용한 Deep fake 디지털 휴먼 엔진 개발자 채용,https://www.jobkorea.co.kr/Recruit/GI_Read/34769634?Oem_Code=C1&logpath=1
㈜노스스타컨설팅,경력3년↑,서울 성동구 외,함께 할 Java / Python 개발자를 모집합니다.,https://www.jobkorea.co.kr/Recruit/GI_Read/34757131?Oem_Code=C1&logpath=1
㈜커넥트시스템,경력6년↑,경기 용인시 외,(반도체) Python Backend 개발자 모집,https://www.jobkorea.co.kr/Recruit/GI_Read/34748388?Oem_Code=C1&logpath=1
㈜헥사팩토리,경력,서울 금천구,"ROS, Python, C++ 개발 경력자 채용",https://www.jobkorea.co.kr/Recruit/GI_Read/34732938?Oem_Code=C1&logpath=1
웹프라임㈜,경력3년↑,서울 구로구,파이썬/Python 개발자 분을 모집 합니다.,https://www.jobkorea.co.kr/Recruit/GI_Read/34729696?Oem_Code=C1&logpath=1
영통아이티컴퓨터학원,경력,경기 수원시,"C언어, 자바, 파이썬 경시대회 강의해주실 선생님",https://www.jobkorea.co.kr/Recruit/GI_Read/34727554?Oem_Code=C1&logpath=1
우시기네,경력,경기 부천시,Python 개발자 모집.,https://www.jobkorea.co.kr/Recruit/GI_Read/34684218?Oem_Code=C1&logpath=1
㈜펀앤쇼핑,경력2년↑,서울 영등포구,온라인 쇼핑몰 스크래핑 크롤링 API 연동개발 ASP PHP Python 개발자 모집,https://www.jobkorea.co.kr/Recruit/GI_Read/34667982?Oem_Code=C1&logpath=1
㈜빌드잇,경력2년↑,경기 성남시,[경력] Back-end(백엔드) Java/Python 엔지니어 채용,https://www.jobkorea.co.kr/Recruit/GI_Read/34654740?Oem_Code=C1&logpath=1
㈜빌드잇,경력무관,경기 성남시,[신입] Back-end(백엔드) Java/Python 엔지니어 채용,https://www.jobkorea.co.kr/Recruit/GI_Read/34653691?Oem_Code=C1&logpath=1
아자스쿨㈜,경력3년↑,서울 마포구,"풀스택 파이썬 개발자 (Google Clound, Python Django) 채용",https://www.jobkorea.co.kr/Recruit/GI_Read/34637648?Oem_Code=C1&logpath=1
유비넷트,경력3년↑,일본 도쿄,"일본 도쿄, 시스템 개발, 모바일 앱개발,JAVA, Python, 화상 인식 개발",https://www.jobkorea.co.kr/Recruit/GI_Read/34625399?Oem_Code=C1&logpath=1
㈜알파도,경력무관,서울 금천구,서버(python) 개발자 채용,https://www.jobkorea.co.kr/Recruit/GI_Read/34614699?Oem_Code=C1&logpath=1
㈜밀리언웨어,경력5년↑,경기 이천시,Python 개발자 모집,https://www.jobkorea.co.kr/Recruit/GI_Read/34611515?Oem_Code=C1&logpath=1
유콘크리에이티브,경력무관,울산 중구,"드론 SW개발(Python, Embedded, Linux 외 정규직/계약직 채용)",https://www.jobkorea.co.kr/Recruit/GI_Read/34610547?Oem_Code=C1&logpath=1
㈜무른모,경력,경남 창원시 외,".NET C# Python 개발자 (경력/신입, 창원)",https://www.jobkorea.co.kr/Recruit/GI_Read/34603167?Oem_Code=C1&logpath=1
엠83,경력,서울 강남구,Python 개발자 모집,https://www.jobkorea.co.kr/Recruit/GI_Read/34600107?Oem_Code=C1&logpath=1
소프트웨어융합연구소,경력1년↑,전남 나주시,2021 상반기 Python/Java/안드로이드 개발자 채용,https://www.jobkorea.co.kr/Recruit/GI_Read/34595654?Oem_Code=C1&logpath=1
㈜더조은아카데미서초지점,경력,서울 서초구,"[메가스터티교육그룹] 더조은컴퓨터아카데미 JAVA,JSP,SPRING,R,파이썬(저녁,주말) 강사모집",https://www.jobkorea.co.kr/Recruit/GI_Read/34595016?Oem_Code=C1&logpath=1
더조은컴퓨터학원,경력무관,서울 구로구,"[더조은컴퓨터 구로캠퍼스] AI(머신러닝, 딥러닝) / 파이썬 / 빅데이터분석 강사 채용",https://www.jobkorea.co.kr/Recruit/GI_Read/34590706?Oem_Code=C1&logpath=1
오토리더,신입·경력,인천 연수구 외,"파이선, 파이썬(Python) 개발자 채용",https://www.jobkorea.co.kr/Recruit/GI_Read/34574380?Oem_Code=C1&logpath=1
미래융합교육학원,경력2년↑,대전 서구,"인공지능, 빅데이터 분야 (자바,파이썬) 강사 모집",https://www.jobkorea.co.kr/Recruit/GI_Read/34569675?Oem_Code=C1&logpath=1
씨니즈,경력무관,서울 강서구,백엔드(파이썬) 개발자 모집,https://www.jobkorea.co.kr/Recruit/GI_Read/34557092?Oem_Code=C1&logpath=1
㈜파인씨앤아이,경력10년↑,서울 송파구,"기술연구소 정규직 연구인력(Java, Python, 기타)및 개발자를 모집합니다.(경력10년이상)",https://www.jobkorea.co.kr/Recruit/GI_Read/34543174?Oem_Code=C1&logpath=1
㈜포유컴퓨터,경력2년↑,광주 광산구,"(주)포유컴퓨터 JAVA, Python 웹 프로그래머 모집",https://www.jobkorea.co.kr/Recruit/GI_Read/34509684?Oem_Code=C1&logpath=1
㈜네오포스코리아,신입·경력,서울 중구,Java / Python 개발자 채용(신입/경력),https://www.jobkorea.co.kr/Recruit/GI_Read/34493503?Oem_Code=C1&logpath=1
PENTAIN,경력2년↑,일본 도쿄,"[동경] WebApplication개발자모집 (Java,Python경력자)",https://www.jobkorea.co.kr/Recruit/GI_Read/34465005?Oem_Code=C1&logpath=1
㈜메디치소프트,신입·경력2년↑,서울 마포구,"R&D 파이썬 개발 신입, 경력 채용 공고",https://www.jobkorea.co.kr/Recruit/GI_Read/34464777?Oem_Code=C1&logpath=1
㈜솔리메틱스,경력1년↑,충남 천안시,Python 개발 프로그래머 모집,https://www.jobkorea.co.kr/Recruit/GI_Read/34460135?Oem_Code=C1&logpath=1
㈜대연씨앤아이,신입·경력1년↑,서울 구로구,웹솔루션 개발 사원 채용 (JAVA/Python),https://www.jobkorea.co.kr/Recruit/GI_Read/34441163?Oem_Code=C1&logpath=1
솔리드웨어,경력2년↑,서울 중구,[솔리드웨어] Python Developer (파이썬 개발자) 모집,https://www.jobkorea.co.kr/Recruit/GI_Read/34424721?Oem_Code=C1&logpath=1
한상교육,신입·경력1년↑,충남 천안시 외,"파이썬, 빅데이터 SW 강사 모집",https://www.jobkorea.co.kr/Recruit/GI_Read/35268740?Oem_Code=C1&logpath=1
㈜억세스위,경력무관,경기 수원시,"C, C++, C#, Python 소프트웨어 프로그래머 모집",https://www.jobkorea.co.kr/Recruit/GI_Read/35247961?Oem_Code=C1&logpath=1
㈜JPDkorea,경력무관,서울 중구,주식회사 제이피디코리아에서 파이썬 및 모바일 개발자 모집합니다.,https://www.jobkorea.co.kr/Recruit/GI_Read/35196753?Oem_Code=C1&logpath=1
다온시스템,경력3년↑,제주 제주시 외,"부천/제주(숙소제공) 안드로이드 개발자 , 백엔드/파이썬/api 개발자 채용",https://www.jobkorea.co.kr/Recruit/GI_Read/35190858?Oem_Code=C1&logpath=1
㈜KULS,신입·경력,서울 관악구 외,"소프트웨어 검증 및 개발(C/C++, Java/Python) 직원 채용",https://www.jobkorea.co.kr/Recruit/GI_Read/35187208?Oem_Code=C1&logpath=1
조인아이티,경력1년↑,서울 영등포구,"SM/운영/java,python,hadoop,hive/고급/즉시-년단위/카드Digital운영/여의도",https://www.jobkorea.co.kr/Recruit/GI_Read/35163444?Oem_Code=C1&logpath=1
㈜알바스텔라,경력무관,서울 금천구 외,"[알바스텔라] 함께 오래 할 웹/모바일 개발자를 찾습니다. - php, java, python",https://www.jobkorea.co.kr/Recruit/GI_Read/35154892?Oem_Code=C1&logpath=1
㈜아이엔어소시에이츠,경력무관,서울 서초구,백엔드 개발자(PYTHON)를 모집합니다.,https://www.jobkorea.co.kr/Recruit/GI_Read/35140134?Oem_Code=C1&logpath=1
㈜고른,경력무관,경기 용인시 외,"(주)고른 보안 컨설턴트, Python 개발자, 서버 엔지니어 신입/경력 채용",https://www.jobkorea.co.kr/Recruit/GI_Read/35131855?Oem_Code=C1&logpath=1
창노텍,경력무관,대전 서구,디자인 일러스터 1인/ 웹 프론트엔드 1인/ 백엔드 1인 모집( Python),https://www.jobkorea.co.kr/Recruit/GI_Read/35100308?Oem_Code=C1&logpath=1
글로벌산업기술교육원,경력무관,서울 금천구,[직업훈련] 파이썬(python) 강사 구인,https://www.jobkorea.co.kr/Recruit/GI_Read/35045812?Oem_Code=C1&logpath=1
㈜신성엔에스텍,경력2년↑,경기 고양시,"기술연구소 BIT(C#, Visual Studio, 파이썬등) SW개발 정규직 채용",https://www.jobkorea.co.kr/Recruit/GI_Read/34999609?Oem_Code=C1&logpath=1
㈜아이알에스소프트코리아,신입·경력,서울 구로구,"Python, JAVA 개발이 가능한 경력 및 신입 엔지니어 모집합니다.(검색엔진 및 AI 관련 경험 우대)",https://www.jobkorea.co.kr/Recruit/GI_Read/34974411?Oem_Code=C1&logpath=1
하이미디어컴퓨터학원,경력,서울 종로구,Python 활용한 머신러닝 딥러닝 프로젝트 멘토 모십니다.,https://www.jobkorea.co.kr/Recruit/GI_Read/34929214?Oem_Code=C1&logpath=1
이엠솔루션,경력무관,경남 창원시,"MES, PDM/PLM 프로그램 개발자 모집(C#, .NET, 파이썬, MS-SQL)",https://www.jobkorea.co.kr/Recruit/GI_Read/34886258?Oem_Code=C1&logpath=1
㈜대신기술능력개발원,신입·경력,서울 강동구,파이썬 빅데이터 평일야간/주말 강사모집,https://www.jobkorea.co.kr/Recruit/GI_Read/34882057?Oem_Code=C1&logpath=1
㈜선영종합엔지니어링,경력무관,경기 고양시 외,기술연구소 (AI연구 및 Python개발 / 드론영상처리) 채용,https://www.jobkorea.co.kr/Recruit/GI_Read/34841626?Oem_Code=C1&logpath=1
밀라노상인,경력무관,서울 금천구,명품 쇼핑몰 개발자(JAVA/PYTHON) 모집합니다.,https://www.jobkorea.co.kr/Recruit/GI_Read/34791316?Oem_Code=C1&logpath=1
그린컴퓨터아카데미,경력2년↑,경기 성남시,"[국비지원교육] 자바[JAVA]/파이썬(웹,앱,빅데이터) 개발자 과정 훈련교.강사구인",https://www.jobkorea.co.kr/Recruit/GI_Read/34769206?Oem_Code=C1&logpath=1
써니랩아이티코딩컴퓨터학원,경력1년↑,인천 연수구,컴세바 동춘점 IT (C언어.JAVA.파이썬.알고리즘)시간강사및 전임강사모집),https://www.jobkorea.co.kr/Recruit/GI_Read/34757423?Oem_Code=C1&logpath=1
㈜에이피에스티,경력무관,서울 강서구,"Application 개발자 모집 (HTML5, Python 능숙자 우대)",https://www.jobkorea.co.kr/Recruit/GI_Read/34721293?Oem_Code=C1&logpath=1
몰팩바이오,경력무관,대전 유성구,"딥러닝, 영상처리, python, deep learning, GAN, pathology의료 영상",https://www.jobkorea.co.kr/Recruit/GI_Read/34714327?Oem_Code=C1&logpath=1
테크인모션,경력,대전 유성구,파이썬 개발자를 모십니다.,https://www.jobkorea.co.kr/Recruit/GI_Read/34693581?Oem_Code=C1&logpath=1
㈜아이더블유,경력1년↑,경기 수원시,"위컴퓨터학원[수원] C,JAVA ,파이썬, C++,프로그래밍 강사구인합니다",https://www.jobkorea.co.kr/Recruit/GI_Read/34651470?Oem_Code=C1&logpath=1
이젠IT컴퓨터아카데미,경력5년↑,경기 성남시,(성남 모란) 파이썬(야간) 과정 강사 모집,https://www.jobkorea.co.kr/Recruit/GI_Read/34462904?Oem_Code=C1&logpath=1
SK D&D㈜,신입·경력,경기 성남시,2021년 하반기 각 부문별 전환형 인턴 및 경력직 공채,https://www.jobkorea.co.kr/Recruit/GI_Read/35281831?Oem_Code=C1&logpath=1
㈜웨이버스,신입·경력,경기 전지역 외,웹(Web) 및 모바일(Mobile) 개발 경력/신입 인재 모집,https://www.jobkorea.co.kr/Recruit/GI_Read/35297593?Oem_Code=C1&logpath=1
㈜KT DS,경력,서울 서초구,2021년 대규모 경력직 공개채용(3차),https://www.jobkorea.co.kr/Recruit/GI_Read/35293499?Oem_Code=C1&logpath=1
㈜신한저축은행,경력1년↑,서울 중구,㈜신한저축은행 경력직원 채용 부문,https://www.jobkorea.co.kr/Recruit/GI_Read/35267513?Oem_Code=C1&logpath=1
주식회사 샘빌,경력,경기 안양시 외,"쇼핑몰 정규직 [웹디자인, 프로그래머, CS, MD] 채용",https://www.jobkorea.co.kr/Recruit/GI_Read/35280330?Oem_Code=C1&logpath=1
㈜러쉬코리아,경력무관,서울 전지역 외,[러쉬코리아] IT팀 백앤드 개발자 채용,https://www.jobkorea.co.kr/Recruit/GI_Read/35277284?Oem_Code=C1&logpath=1
㈜엔씨소프트,신입·경력,경기 성남시,엔씨소프트 부문별 수시 채용,https://www.jobkorea.co.kr/Recruit/GI_Read/35276778?Oem_Code=C1&logpath=1
㈜이마트,경력3년↑,서울 성동구,"시스템개발 PM, 백오피스 기획자, 백엔드 엔지니어 경력 모집",https://www.jobkorea.co.kr/Recruit/GI_Read/35234982?Oem_Code=C1&logpath=1
㈜대동,신입·경력,서울 서초구 외,각 부문 신입/경력사원 모집,https://www.jobkorea.co.kr/Recruit/GI_Read/35216273?Oem_Code=C1&logpath=1
세종텔레콤㈜,신입·경력,서울 강동구 외,2021년 세종텔레콤 사원 모집,https://www.jobkorea.co.kr/Recruit/GI_Read/35226982?Oem_Code=C1&logpath=1
한국거래소,경력3년↑,서울 영등포구 외,2021년도 경력직원 채용 공고,https://www.jobkorea.co.kr/Recruit/GI_Read/35211048?Oem_Code=C1&logpath=1
㈜비바리퍼블리카,신입·경력,서울 강남구,[토스뱅크] Tech 직군 경력채용,https://www.jobkorea.co.kr/Recruit/GI_Read/35207579?Oem_Code=C1&logpath=1
㈜얼라이드시스템,신입·경력2년↑,대구 전지역 외,[최고우대] 네트워크 / 보안 / 전송분야 우수한 인재 모집,https://www.jobkorea.co.kr/Recruit/GI_Read/35222149?Oem_Code=C1&logpath=1
㈜엔디에스,신입·경력3년↑,서울 동작구 외,농심NDS 2021년 하반기 인턴 및 경력사원 채용,https://www.jobkorea.co.kr/Recruit/GI_Read/35198960?Oem_Code=C1&logpath=1
㈜비상교육,신입·경력1년↑,경기 파주시 외,7월 각 부문별 경력 및 신입 채용,https://www.jobkorea.co.kr/Recruit/GI_Read/35207319?Oem_Code=C1&logpath=1
비테스코테크놀로지스코리아㈜,신입·경력,경기 이천시,신입 및 경력직 채용 (연구개발/품질/마케팅·영업/경영지원),https://www.jobkorea.co.kr/Recruit/GI_Read/35213354?Oem_Code=C1&logpath=1
㈜소만사,경력무관,경기 고양시 외,정보보안 SW 개발 / 기술 / 컨설팅 / 영업 채용,https://www.jobkorea.co.kr/Recruit/GI_Read/35202730?Oem_Code=C1&logpath=1
㈜비바리퍼블리카,경력무관,서울 강남구,2021 TOSS DATA ANALYST INTERNSHIP (채용연계형),https://www.jobkorea.co.kr/Recruit/GI_Read/35202181?Oem_Code=C1&logpath=1
㈜아이센스,신입·경력,강원 원주시 외,2021년 하반기 신입 및 경력 채용,https://www.jobkorea.co.kr/Recruit/GI_Read/35197145?Oem_Code=C1&logpath=1
도미노피자(청오디피케이),경력무관,서울 강남구 외,도미노피자 각부문(자회사/관계사포함) 공개채용,https://www.jobkorea.co.kr/Recruit/GI_Read/35193427?Oem_Code=C1&logpath=1
㈜위메프,경력무관,서울 강남구,위메프서비스 개발 부문 채용,https://www.jobkorea.co.kr/Recruit/GI_Read/35169828?Oem_Code=C1&logpath=1
㈜더존비즈온,신입·경력,강원 춘천시 외,더존ICT그룹 2021년 7월 신입 및 경력사원 모집,https://www.jobkorea.co.kr/Recruit/GI_Read/35166355?Oem_Code=C1&logpath=1
㈜누리플렉스,신입·경력,서울 서초구,2021년도 상반기 수시채용,https://www.jobkorea.co.kr/Recruit/GI_Read/34988820?Oem_Code=C1&logpath=1
㈜멀티캠퍼스,경력무관,서울 강남구,빅데이터/인공지능 국비지원교육 교육생 모집(교육비전액무료),https://www.jobkorea.co.kr/Recruit/GI_Read/34683623?Oem_Code=C1&logpath=1
다우기술,신입·경력3년↑,경기 용인시 외,2021 하반기 신입ㆍ경력 채용,https://www.jobkorea.co.kr/Recruit/GI_Read/35293860?Oem_Code=C1&logpath=1
한국갤럽조사연구소,신입·경력,서울 전지역 외,[한국갤럽] 2021년 하반기 정규직 모집 (연구/지원),https://www.jobkorea.co.kr/Recruit/GI_Read/35280945?Oem_Code=C1&logpath=1
㈜소유 코퍼레이션,경력,경기 전지역 외,"[펭수외 캐릭터,IP 라이센싱/ MD 사업] 2021년 상반기 각 부문별 신입 및 경력직 채용",https://www.jobkorea.co.kr/Recruit/GI_Read/35225275?Oem_Code=C1&logpath=1
㈜중고나라,신입,서울 서초구,[중고나라] 프론트 개발 인턴 채용,https://www.jobkorea.co.kr/Recruit/GI_Read/35312562?Oem_Code=C1&logpath=1
엠서클,신입,서울 강남구,[엠서클] E커머스사업부 인턴 모집(서비스 기획 및 운영),https://www.jobkorea.co.kr/Recruit/GI_Read/35302896?Oem_Code=C1&logpath=1
메가존클라우드㈜,신입,서울 강남구,[메가존클라우드] Salesforce 부문 채용,https://www.jobkorea.co.kr/Recruit/GI_Read/35193813?Oem_Code=C1&logpath=1
엔아이티서비스㈜,신입,경기 성남시,"[NIT Service] NAVER, LINE 서비스 플랫폼 운영",https://www.jobkorea.co.kr/Recruit/GI_Read/34852705?Oem_Code=C1&logpath=1
한국생명공학연구원,신입,대전 유성구 외,2021-2차 인턴연구원 채용,https://www.jobkorea.co.kr/Recruit/GI_Read/35222918?Oem_Code=C1&logpath=1
㈜씨디네트웍스,신입,서울 강남구,CDN/Cloud 서비스 신입사원 모집,https://www.jobkorea.co.kr/Recruit/GI_Read/35221866?Oem_Code=C1&logpath=1
케이티,신입,서울 서초구 외,2021년 신입사원(석사) 수시채용 - 7차,https://www.jobkorea.co.kr/Recruit/GI_Read/35221556?Oem_Code=C1&logpath=1
㈜넥서스커뮤니티,신입·경력2년↑,서울 구로구,"UX/UI 디자이너 외 개발자(web/C#/ServerPDS), 시스템 엔지니어 신입 및 경력 채용",https://www.jobkorea.co.kr/Recruit/GI_Read/35308334?Oem_Code=C1&logpath=1
㈜해피라이징,경력3년↑,서울 마포구,웹개발 경력직 모집,https://www.jobkorea.co.kr/Recruit/GI_Read/35301309?Oem_Code=C1&logpath=1
㈜아이에스인포섹,신입·경력,경기 고양시 외,"웹프로그래머, 일반영업, 사무직  신입 및 경력집 모집",https://www.jobkorea.co.kr/Recruit/GI_Read/35295687?Oem_Code=C1&logpath=1
에스에이텍,신입·경력,서울 구로구,각 부문 신입/경력사원 모집,https://www.jobkorea.co.kr/Recruit/GI_Read/35282211?Oem_Code=C1&logpath=1
㈜한스바이오텍,신입·경력,서울 금천구,(주)한스바이오텍 개발자/서버관리자/앱개발자 모십니다.,https://www.jobkorea.co.kr/Recruit/GI_Read/35285081?Oem_Code=C1&logpath=1
대교홀딩스,경력7년↑,서울 관악구,"내부회계관리팀 경력직(대리,과장급) 채용",https://www.jobkorea.co.kr/Recruit/GI_Read/35272750?Oem_Code=C1&logpath=1
포항공대가속기연구소,신입·경력,세종,"포항공과대학교 포항가속기연구소 정규직 직원 채용[기술직,연구직,행정직]",https://www.jobkorea.co.kr/Recruit/GI_Read/35260705?Oem_Code=C1&logpath=1
지이씨엘코리아,신입·경력1년↑,서울 금천구,2021년 상반기 GECL KOREA 주요직무 신입/경력직 인재채용,https://www.jobkorea.co.kr/Recruit/GI_Read/35266375?Oem_Code=C1&logpath=1
㈜에프에이솔루션,신입·경력,서울 영등포구,"RPA, AI, 모바일뱅킹(앱/웹) 개발자 모집",https://www.jobkorea.co.kr/Recruit/GI_Read/35263083?Oem_Code=C1&logpath=1
니브스코리아㈜,신입·경력,경기 전지역 외,니브스코리아(주) 2021년 하반기 경력 채용,https://www.jobkorea.co.kr/Recruit/GI_Read/35239996?Oem_Code=C1&logpath=1
디앤샤인,신입·경력,경기 고양시 외,"분야별[사업기획/HW 개발자/SW 개발자/통신기기 유지보수,관리]직원 채용[신입/경력]",https://www.jobkorea.co.kr/Recruit/GI_Read/35250488?Oem_Code=C1&logpath=1
㈜비즈테크파트너스,경력,서울 마포구,IT인프라/클라우드 엔지니어 채용 (VDI/보안/구축/유지보수),https://www.jobkorea.co.kr/Recruit/GI_Read/35242467?Oem_Code=C1&logpath=1
㈜라바웨이브,신입·경력,서울 강남구 외,[㈜라바웨이브] 2021 상반기 각 부문별 신입 및 경력 모집,https://www.jobkorea.co.kr/Recruit/GI_Read/35241416?Oem_Code=C1&logpath=1
한국정보보호산업협회,신입·경력,서울 송파구,[전액무료] 뉴딜인턴연계과정 정보보호 인재양성과정 교육생모집,https://www.jobkorea.co.kr/Recruit/GI_Read/35229403?Oem_Code=C1&logpath=1
엔쓰리엔㈜,경력무관,경기 전지역 외,2021년 각 분야별 신입 및 경력사원 모집,https://www.jobkorea.co.kr/Recruit/GI_Read/35232504?Oem_Code=C1&logpath=1
㈜위세아이텍,경력2년↑,경기 성남시,IT 각 부문 경력직 채용공고,https://www.jobkorea.co.kr/Recruit/GI_Read/35224332?Oem_Code=C1&logpath=1
㈜핀테크,신입·경력,서울 영등포구,마이데이터 사업자 핀테크의 사업 확장에 따른 전부서 채용 진행,https://www.jobkorea.co.kr/Recruit/GI_Read/35228051?Oem_Code=C1&logpath=1
㈜엔터플,신입·경력,서울 영등포구,[엔터플] 개발 부문별 채용,https://www.jobkorea.co.kr/Recruit/GI_Read/35225723?Oem_Code=C1&logpath=1
재단법인 만불회,신입·경력,경기,"재단법인 만불회 편집디자인, 영상제작 등 신입, 경력 직원 채용",https://www.jobkorea.co.kr/Recruit/GI_Read/35218919?Oem_Code=C1&logpath=1
㈜레뷰코퍼레이션,경력2년↑,서울 강남구,백엔드/프론트엔드 개발 & 서비스 기획자 채용 (신입/경력),https://www.jobkorea.co.kr/Recruit/GI_Read/35200117?Oem_Code=C1&logpath=1
파이낸셜데이타시스템,경력3년↑,서울 영등포구 외,파이낸셜데이타시스템 2021년 금융솔루션 개발 경력직 채용,https://www.jobkorea.co.kr/Recruit/GI_Read/35169677?Oem_Code=C1&logpath=1
㈜엠그램,신입·경력1년↑,서울 전지역 외,각 분야 신입/경력사원 채용,https://www.jobkorea.co.kr/Recruit/GI_Read/35182082?Oem_Code=C1&logpath=1
㈜듀얼오스,경력2년↑,경기 광명시 외,"영어 좋아하는 보안솔루션 개발자(JSP, Go, Android, Visual C++) 채용",https://www.jobkorea.co.kr/Recruit/GI_Read/35120378?Oem_Code=C1&logpath=1
한국소프트웨어인재개발원,신입,경기 전지역 외,"[국비지원 IT취업과정]JAVA자바 웹앱개발외/취업연계/훈련수당지급/기초부터 기업현업실무까지(초보자,비전공자 가능)",https://www.jobkorea.co.kr/Recruit/GI_Read/35066881?Oem_Code=C1&logpath=1
(주)겟앤쇼(Get & Show),신입·경력,서울 전지역 외,겟앤쇼 부문별 인재 채용 (업계 연봉 최고 수준),https://www.jobkorea.co.kr/Recruit/GI_Read/35063354?Oem_Code=C1&logpath=1
메가존㈜,경력,서울 강남구,[메가존] 데이터 사업 부문 개발자 경력 채용,https://www.jobkorea.co.kr/Recruit/GI_Read/34321894?Oem_Code=C1&logpath=1
메가존㈜,경력,서울 송파구,"[메가존] 아키텍처(AA, Cloud) / 백엔드(java, JPA) / 프론트엔드(react, vue, redux) 개발자 모집",https://www.jobkorea.co.kr/Recruit/GI_Read/34223040?Oem_Code=C1&logpath=1
나이스씨엠에스㈜,경력,서울 서대문구,"각 부문 경력직 채용(재무회계, 운영기획 및 데이터 분석)",https://www.jobkorea.co.kr/Recruit/GI_Read/35308488?Oem_Code=C1&logpath=1
한국앱티브 유한책임회사,경력,경기 용인시,각 부문 경력사원 채용,https://www.jobkorea.co.kr/Recruit/GI_Read/35280067?Oem_Code=C1&logpath=1
㈜루넷S&C,신입·경력,서울 마포구 외,"웹디자이너, 개발자 채용",https://www.jobkorea.co.kr/Recruit/GI_Read/35250237?Oem_Code=C1&logpath=1
한국정보기술연구원,경력무관,서울 구로구,2021 IT취업 역량 강화과정 교육생 모집,https://www.jobkorea.co.kr/Recruit/GI_Read/35249953?Oem_Code=C1&logpath=1
㈜광덕안정,신입·경력,서울 서초구,회계/급여/바이럴/마케팅전략/홍보 등 각 부문 채용,https://www.jobkorea.co.kr/Recruit/GI_Read/35127154?Oem_Code=C1&logpath=1
